epoch,lr,train_loss,val_loss,val_mean_auc,auc_any,auc_epidural,auc_intraparenchymal,auc_intraventricular,auc_subarachnoid,auc_subdural
1,0.0005,0.13444392674313801,0.12274042462563868,0.9036253998505127,0.9241660303621833,0.8289538558257002,0.9446920402957684,0.9539291779780167,0.8894919356956841,0.8805193589457236
2,0.0005,0.1185121497381625,0.11052479873336277,0.9141335067211888,0.9340784604231428,0.8228262823298691,0.9495194677431479,0.9689682612625121,0.9062269929991466,0.9031815755693146
3,0.0005,0.11264967721644083,0.11258554446220283,0.9097521992245463,0.9323461958905421,0.8067376437580925,0.9487536391987812,0.973575315299632,0.895238981108284,0.9018614200919459
4,0.0005,0.11023235093770768,0.12836343885476634,0.9022130753762063,0.9204962741361089,0.8104237232385527,0.9438285693209234,0.9671297739110699,0.8949912436821598,0.8764088679684234
5,0.0005,0.10907633907212765,0.10505880317825232,0.9209272495643708,0.9384265041828228,0.8362889135568541,0.9560177819210056,0.9725949310291976,0.9159789246125927,0.9062564420837514
6,0.0005,0.10837585919645198,0.10525093479966133,0.9261681178552786,0.940532433092371,0.856310541480254,0.9529331021059616,0.9732690398116177,0.9177389666802938,0.9162246239611735
7,0.0005,0.1078300985913083,0.10235491126114224,0.9286787233162959,0.9421931392319609,0.8597561428326985,0.9567097860760893,0.9760355612387829,0.9231273950709195,0.914250315447324
8,0.0005,0.10739094329266248,0.1051088574515286,0.9310534179849063,0.9423874164567027,0.8809084559725258,0.956870670137725,0.974613797414127,0.9199091994119245,0.9116309685164329
9,0.0005,0.10706712883121655,0.1085139267986616,0.9229174027234066,0.93820038606878,0.8401172252096014,0.9535829147493655,0.9776778959273286,0.9187382178774146,0.909187776507949
10,0.0005,0.106760960660759,0.107644792913643,0.9184599043284138,0.9349479388625411,0.8323809173547768,0.9506957551201063,0.9741879794624249,0.9095625598246311,0.9089842753460035
11,0.0005,0.10664351948503292,0.1065492651167803,0.9259491108855648,0.9409661001430386,0.8527614494956217,0.9532009479967616,0.974493109921542,0.9172584380481532,0.917014619708271
12,0.0005,0.10647683331850429,0.1089779177494863,0.9192176813222902,0.9330953600828795,0.8441749860616787,0.9499163014593093,0.9702810645313121,0.9175543571097584,0.9002840186888026
13,0.00025,0.10129330467911908,0.10017208192146444,0.9280076858588898,0.9435462862317561,0.852216974380252,0.9587344271392451,0.9763496229232953,0.9209484309079667,0.9162503735708248
14,0.00025,0.10150322603372144,0.10351301553133163,0.9319535029665773,0.9466396860520114,0.8589621894655126,0.9582387678154215,0.9779165146849192,0.9251360304292007,0.9248278293523978
15,0.00025,0.10162803862303169,0.09884851864518972,0.9344430647800323,0.9478045968068022,0.8725826789790087,0.960340782799412,0.9759410897741718,0.9251050701214067,0.9248841701993921
16,0.00025,0.10190962178782341,0.09845396251915034,0.9329296060191398,0.9478133853601901,0.865554186615862,0.9599979449874632,0.9747670692721635,0.9250223398289913,0.9244227100501676
17,0.00025,0.10192053444737573,0.10010442805758218,0.9310148614260622,0.9453090836959125,0.8618220921139577,0.9563943177925521,0.9776473986749188,0.9226823219979582,0.9222339542810729
18,0.00025,0.10201502424681097,0.09991669060329639,0.9312672591197443,0.9456375438460742,0.8573579659599346,0.9608162596628418,0.9774060871252329,0.9246296118972698,0.9217560862271121
19,0.00025,0.10205109772936614,0.1025431769758014,0.9307175626143245,0.9458946345348536,0.8604840089598931,0.9586971032771701,0.9753293653247492,0.9225567238890575,0.9213435397002234
20,0.000125,0.09802280443056853,0.09717462950252088,0.9364612523314154,0.9510376616394131,0.8661183022891653,0.961806140896885,0.9781659783139003,0.9295373899502589,0.9321020408988709
21,0.000125,0.09803459536494655,0.10423672253667604,0.9352386960390952,0.9504007472589282,0.8626788952665306,0.9601650760984363,0.9784166633070379,0.9290670040971174,0.9307037902065197
22,0.000125,0.09812576073448877,0.09807536876129982,0.9354894788602994,0.9485984623660783,0.8736095779964974,0.9608245751494304,0.9766130664338184,0.9250846981917665,0.9282064930242062
23,0.000125,0.0985174137279979,0.09615374484134434,0.9386124710245357,0.9506728454406639,0.8793905280193494,0.9612345959131143,0.9797534805956665,0.9308527947291941,0.9297705814492258
24,0.000125,0.09862767449225993,0.09739459037252854,0.9368644705247945,0.9502828488942481,0.8703637923422372,0.9622465957156704,0.9780581034305708,0.9289470240709522,0.9312884586950885
25,0.000125,0.09880448977797256,0.09625198556097904,0.9350212446400604,0.9489531430654196,0.8645502519430339,0.9624104080635344,0.977823275113466,0.9272861327226701,0.9291042569322387
26,0.000125,0.09885123227467668,0.10149925009885241,0.9361207854698135,0.9489647921729675,0.8704283471870491,0.9619570106553222,0.977500261145556,0.9301415870702908,0.9277327145876952
27,0.000125,0.09901355839742054,0.10070925247822762,0.9357631563114905,0.9499035797851169,0.8706377889169239,0.9600398881297172,0.9794452098618965,0.9263104374280049,0.9282420337472834
28,6.25e-05,0.09588615232879955,0.09770972832532294,0.9403944653402042,0.953453050498979,0.8795397099275207,0.9634171080145725,0.9786260167053769,0.9320754638461457,0.9352554430486315
29,6.25e-05,0.09592173320931438,0.09991932144213027,0.9395878851490016,0.9539319217764325,0.8738392214431036,0.9636499533730405,0.9784822273984429,0.9335997898499422,0.9340241970530487
30,6.25e-05,0.09600778883793559,0.09455301303934593,0.9404119015145826,0.954312827335181,0.8700306150973818,0.9655463419407877,0.9816381665727814,0.9366739214920246,0.934269536649339
31,6.25e-05,0.09617094831765184,0.09879173910271787,0.9388990725474913,0.9538239139465771,0.8744426182322738,0.9601160749620387,0.9788588023962197,0.9306128464548151,0.9355401792930236
32,6.25e-05,0.09631691604454863,0.0982480504671863,0.9417913248276752,0.9545432757908798,0.8820313413231986,0.9647562807542951,0.9805919997341639,0.9333893610473237,0.9354356903161904
33,6.25e-05,0.09654486939839925,0.09701668646520732,0.9411594927655775,0.9541468656262972,0.8819725923136439,0.9631080034641862,0.9786869138169336,0.9351303993907187,0.9339121819816847
34,6.25e-05,0.09672419366330581,0.1037908871585527,0.9391359320107472,0.9534192303007644,0.8738673441321005,0.9632014412154158,0.9790013966615,0.9339755379019772,0.9313506418527256
35,6.25e-05,0.09665260050430158,0.09804957562224856,0.9404150853848581,0.9535169905653031,0.8790255805533096,0.9623147193421583,0.9792059330417214,0.93388569372702,0.9345415950796361
36,6.25e-05,0.0969010534851341,0.09862762591330144,0.9406641071687357,0.9530480342472958,0.8786048625359508,0.964880440043347,0.9796551344585587,0.9367875806843642,0.9310085910428988
37,3.125e-05,0.09458868988666713,0.09905622151166023,0.9433598229003608,0.9562403272034892,0.8834983615026416,0.9645093682991591,0.9797313696928319,0.9379798921320263,0.9381996185720164
38,3.125e-05,0.09455276758620457,0.09587385438971431,0.941614131354747,0.9549973488941502,0.8760698276655431,0.9649246048207762,0.9802990697553604,0.9363657376572078,0.9370281993354447
39,3.125e-05,0.09470773035532934,0.09954042337308827,0.9411022158415688,0.9548276150180409,0.8741539020306524,0.9643897539750255,0.9810313038897321,0.9352382579420785,0.9369724621938835
40,3.125e-05,0.09485354620989986,0.09906314355225722,0.9406973310164455,0.9535415962160022,0.8774432854069187,0.9636958234901466,0.9802629816032339,0.9337810211114672,0.9354592782709038
41,3.125e-05,0.09505816698968782,0.10210133475617542,0.9412984129577725,0.9543171907219128,0.8816788472658703,0.9621499663195413,0.9792646006372425,0.93463706419961,0.935742808602458
42,1.5625e-05,0.09363820792683666,0.10089432065327254,0.9422363171895611,0.954884089770747,0.8807928854388271,0.9638118589477568,0.9809152506046042,0.9348916583563405,0.9381221600190909
43,1.5625e-05,0.09349611177703232,0.10450508844564904,0.9420360843465772,0.9554060640391959,0.8784566086980994,0.9640676735889118,0.9810541412936598,0.9377694535144483,0.9354625649451475
44,1.5625e-05,0.09355497373741017,0.10956749166500113,0.9333091603140325,0.9473064530665157,0.8582935903406095,0.9600814616513306,0.9782227743794315,0.9357186393498288,0.9202320430964787
45,1.5625e-05,0.09362197180885051,0.10270312034877566,0.9420160439461208,0.9562752012522692,0.876727225197515,0.9626455278601265,0.9811606474068137,0.9381130438336477,0.9371746181263529
46,7.8125e-06,0.09280644100973853,0.09803723440809786,0.9440821050380803,0.9572422179795027,0.882335964218443,0.9655872153344145,0.9809097439368982,0.9388786283303776,0.9395388604288465
47,7.8125e-06,0.09276140992456385,0.09624381617330403,0.9434026236674367,0.9565862473659196,0.8796656900776938,0.9646717706127262,0.9812505677105915,0.9385837732103669,0.939657693027322
48,7.8125e-06,0.09288773091859222,0.09723817609417963,0.9435080506426526,0.957236787093152,0.8807741945342442,0.9635593200450866,0.9810012093716242,0.9390391421756932,0.9394376506361153
49,7.8125e-06,0.09296707676841481,0.09912126564635965,0.9421331200843843,0.9558199212853654,0.879493392743647,0.961636844865015,0.9804349675757824,0.9369711675361346,0.9384424265003615
50,7.8125e-06,0.09307239943588981,0.0988729978396078,0.9429446923820151,0.9562896606279924,0.8790001989092109,0.9637905148224918,0.9818691702301459,0.938421647748725,0.9382969619535249
51,3.90625e-06,0.09258124114466545,0.09725161145809565,0.9433445527363081,0.9572995325081536,0.8774689476304163,0.9640642785548763,0.9815574091324283,0.9399200838527312,0.9397570647392435
52,3.90625e-06,0.09254468779540853,0.09687376443540083,0.9436452580449798,0.9571358142725601,0.8795402710863189,0.9654423748904534,0.9812804963969284,0.9392678169877553,0.9392047746358629
53,3.90625e-06,0.09256966018590392,0.09971641138810904,0.943562368221095,0.9568930285096935,0.8807804320301156,0.9639712397592592,0.9815394255981228,0.9390137803207159,0.9391763031086635
54,3.90625e-06,0.0925079793157522,0.09966462231399202,0.9432657339019163,0.956888092581107,0.8794268954260724,0.963174584071173,0.9814309347682145,0.9389449303438224,0.9397289662211082
55,1.953125e-06,0.09236026532995928,0.09853258279228892,0.9436047475313307,0.9569601164786621,0.8802305395740408,0.9650998793198385,0.9813468633246866,0.9388834455124297,0.9391076409783263
56,1.953125e-06,0.09226628090894874,0.10081974612676789,0.9436923279900956,0.957347593697243,0.8794511763356054,0.9644298627037285,0.9813274531106982,0.9401265258188591,0.9394713562744395
57,1.953125e-06,0.09222302493342072,0.09679889239116835,0.9426340638154885,0.9559971585487673,0.8779014715655657,0.9639638727700826,0.9811133406037491,0.9379800962831809,0.9388484431215854
58,1.953125e-06,0.09239061895946596,0.09595780993324936,0.9440404519236698,0.9566983973241742,0.8826269034722263,0.9655994089042355,0.9813450181171999,0.9382932052646029,0.9396797784595804
